subject,number,title
"COMMST","100","Interpersonal Communication"
"COMMST","101","Theories of Communication"
"COMMST","102","Introduction to Performance"
"COMMST","111","Leadership, Communication, and Collaboration"
"COMMST","204","Leadership, Teams, and Communication"
"COMMST","220","Performance Studies"
"COMMST","223","Public Speaking"
"COMMST","224","Interpersonal Communication"
"COMMST","225","Interviewing"
"COMMST","226","Introduction to Intercultural Communication"
"COMMST","227","Leadership"
"COMMST","228","Public Communication"
"COMMST","300","Special Topics in Digital Design"
"COMMST","323","Speech Writing"
"COMMST","324","Small Group Communication"
"COMMST","325","Organizational Communication"
"COMMST","326","Voice Technique"
"COMMST","327","Leadership"
"COMMST","329","Digital Presentations"
"COMMST","399","Communication Inquiry"
"COMMST","400","Digital Design Research Project"
"COMMST","401","Gender, Communication and Culture"
"COMMST","402","Advanced Intercultural Communication"
"COMMST","403","Special Topics in Speech Communication and Technology"
"COMMST","404","Communicating Across Differences: Spiritual Development in a Diverse World"
"COMMST","420","Persuasion"
"COMMST","426","Advanced Voice Technique"
"COMMST","430","Communication and Social Justice"
"COMMST","431","Crisis Communication"
"COMMST","432","Conflict Management"
"COMMST","433","The Organizational Consultant"
"COMMST","434","The Discourse of Dissent"
"COMMST","440","Performative Inquiry and Practice"
"COMMST","475","Communication Ethics"
"COMMST","490","Selected Seminars in Speech Communication"
"COMMST","491","Selected Seminars in Speech Communication"
"COMMST","499A","Senior Seminar"
"COMMST","499B","Senior Seminar"